{"cameraMode":{"drawMode":0,"name":"Shaded","section":"Shading Mode"},"sceneLighting":false,"audioPlay":false,"sceneViewState":{"m_AlwaysRefresh":false,"showFog":true,"showSkybox":false,"showFlares":true,"showImageEffects":true,"showParticleSystems":true,"showVisualEffectGraphs":true,"m_FxEnabled":true},"in2DMode":false,"pivot":{"x":2.384185791015625e-7,"y":1.1075172424316407,"z":-3.3468425273895265},"rotation":{"x":-0.0006204199162311852,"y":0.990490198135376,"z":-0.1375613510608673,"w":-0.004475224297493696},"size":4.657100200653076,"orthographic":true}